DROP TABLE IF EXISTS USERS;
DROP TABLE IF EXISTS PRODUCTS;
DROP TABLE IF EXISTS ORDERS;

CREATE TABLE USERS (
  user_id INT AUTO_INCREMENT PRIMARY KEY,
  first_name VARCHAR(255) DEFAULT NULL,
  last_name VARCHAR(255) DEFAULT NULL,
  email VARCHAR(255) NOT NULL,
  city VARCHAR(255) DEFAULT NULL,
  street VARCHAR(255) DEFAULT NULL,
  zip_code VARCHAR(10) DEFAULT NULL
);

CREATE TABLE PRODUCTS (
  product_id INT PRIMARY KEY,
  product_name VARCHAR(100) NOT NULL,
  price VARCHAR(100) NOT NULL,
  stock INT NOT NULL
);

CREATE TABLE ORDERS (
  order_id INT NOT NULL,
  user_id INT,
  product_id INT,
  quantity INT NOT NULL,
  PRIMARY KEY (order_id, user_id),
  FOREIGN KEY (user_id) REFERENCES USERS(user_id),
  FOREIGN KEY (product_id) REFERENCES PRODUCTS(product_id)
);

INSERT INTO USERS (first_name,last_name,email,city,street,zip_code) VALUES ('Xenos','Reeves','a.purus@ultricesVivamusrhoncus.ca','Amroha','218-5806 Magna Avenue','893833'),('Ishmael','Thompson','ad.litora@diam.org','Sandy','P.O. Box 573, 3997 Faucibus Road','7604'),('Ian','Carr','Proin@Inatpede.net','Bad Nauheim','6234 Pede, St.','89354'),('Neve','Dorsey','eget.mollis@bibendumsedest.ca','Campagna','447-3090 Tellus. St.','60100'),('David','Joyner','posuere.at.velit@Crassed.net','Puerto Colombia','Ap #727-1829 Sed Rd.','47353'),('Austin','May','pharetra.ut@sagittis.co.uk','Calvello','465-2170 Suspendisse St.','493830'),('Diana','Love','odio.Aliquam@Donecsollicitudinadipiscing.co.uk','Rouvreux','334-9697 Velit. Street','5485'),('Leo','Reilly','Praesent.eu@Donec.ca','Tontelange','637-775 At Av.','96236'),('Angelica','Cooke','ac.mi.eleifend@Nullamlobortisquam.org','Forio','870-2621 Ante Rd.','13069'),('Destiny','Parks','accumsan.sed@posuere.co.uk','Valenciennes','Ap #702-8834 Pede Ave','28284');
/*
INSERT INTO USERS (first_name,last_name,email,city,street,zip_code) VALUES ('Igor','Winters','risus.In@urnanecluctus.co.uk','San José','2332 Dolor Av.','814163'),('Britanney','Olson','sem.semper.erat@tellusimperdiet.com','West Ham','4525 Dignissim Avenue','9835 RF'),('Roanna','Rivas','natoque.penatibus.et@vitaeorci.co.uk','Pangkalpinang','8135 Purus, Rd.','13099'),('Beverly','Alston','amet@dolordapibusgravida.org','Meix-le-Tige','730-8728 Accumsan St.','308773'),('Lawrence','Kaufman','lacus.Mauris.non@risus.com','Ternate','975-5748 Viverra. Street','126515'),('Brynne','Wallace','luctus@infelis.org','Fahler','447-802 Fusce Street','40109'),('Troy','Dalton','erat.neque.non@famesacturpis.org','Salem','Ap #102-2893 Luctus Av.','7721'),('Axel','Christian','non@montesnascetur.ca','Chippenham','510-3433 Suscipit, Av.','57302'),('Omar','Neal','in@bibendum.com','Hoorn','638-9905 Porta Av.','5418'),('Armando','Morrow','egestas@Cras.co.uk','Criciúma','Ap #609-9120 Massa. Road','5702');
INSERT INTO USERS (first_name,last_name,email,city,street,zip_code) VALUES ('Hayfa','Fischer','arcu.imperdiet.ullamcorper@commodo.co.uk','Rivello','1979 Nulla St.','3684'),('Xenos','Conway','Maecenas.ornare.egestas@Duisrisus.ca','Bharuch','402-936 Ridiculus Rd.','9445'),('Wesley','Farley','commodo.auctor@pede.com','Sainte-Flavie','P.O. Box 418, 9004 Erat Avenue','50300'),('Blake','Myers','sed.pede.Cum@Nullamsuscipitest.edu','Lens-Saint-Servais','5163 Enim. St.','39371'),('Vivian','Bird','lacus@Morbisit.com','Le Cannet','6373 Nunc Avenue','17740-44381'),('Colton','Bryan','quam.vel@utpharetra.co.uk','Shimanovsk','6312 Nibh Rd.','211932'),('Octavius','Hewitt','consequat.dolor.vitae@velit.edu','Kanpur Cantonment','828-7520 Nec, Rd.','21774'),('Graiden','Scott','non.lobortis.quis@malesuadavelconvallis.edu','Nicolosi','P.O. Box 474, 2576 Curabitur Avenue','37803'),('Pascale','Henry','sit.amet.dapibus@egestasrhoncusProin.org','Butzbach','9503 Sit St.','79685'),('Hayley','House','Sed.eget@nibhDonec.co.uk','Meerle','5089 Tincidunt Road','31297');
INSERT INTO USERS (first_name,last_name,email,city,street,zip_code) VALUES ('Sheila','Blackburn','Integer@mauriseu.edu','Victor Harbor','2017 Proin Av.','23792'),('Blossom','Barr','velit.Cras.lorem@tellus.com','Sparwood','6111 Mauris Street','46964'),('Silas','Steele','magna.Suspendisse@idlibero.ca','Bozeman','P.O. Box 426, 9224 Nunc Av.','29369'),('Odysseus','Barron','eu.turpis@ullamcorpermagna.edu','Pontevedra','554-4452 Varius. Ave','C7M 1P4'),('Laurel','Shepard','quam.Pellentesque.habitant@nonsapienmolestie.ca','Bevagna','221-8480 Duis Rd.','43374'),('Brody','Morris','pharetra.Nam.ac@Fuscemi.edu','Amiens','P.O. Box 722, 7306 Id Av.','29299'),('Oliver','Lott','Nullam.enim@facilisiSed.com','Zlynka','P.O. Box 847, 8847 Lorem, Street','125104'),('Francis','Ballard','sem.vitae.aliquam@Etiam.com','Veere','7573 Rutrum Av.','66482'),('Robin','Velazquez','Duis.dignissim@tinciduntorciquis.edu','Lanco','Ap #546-5167 A Ave','906185'),('Hiroko','Richardson','auctor@disparturient.net','Beerst','P.O. Box 502, 590 Gravida Road','21665');
INSERT INTO USERS (first_name,last_name,email,city,street,zip_code) VALUES ('Chester','Levine','mollis.non@parturientmontes.co.uk','Akhisar','Ap #329-983 Duis St.','131324'),('Hunter','Shelton','volutpat.nunc.sit@vitaerisus.net','Talagante','233-281 Nunc, Street','614372'),('Mia','Cook','sit@Phasellusdapibus.co.uk','Newquay','826 Enim Rd.','6410'),('Francesca','Hogan','ornare.sagittis@turpisIn.ca','Mont-Sainte-Genevive','259-9522 Aliquam Road','58069'),('Scarlet','Vance','faucibus.orci.luctus@aaliquet.com','Varendonk','P.O. Box 929, 5423 Amet St.','1366'),('Lyle','Daniel','eu.dolor@mipede.ca','Magangué','6223 Euismod St.','58034'),('Hammett','Wyatt','risus.Duis@Nam.com','Hijuelas','2082 In Ave','59836'),('Jillian','Sherman','elit.pharetra.ut@gravidamolestie.co.uk','Grosseto','550-9380 Dolor. St.','4662'),('Wang','Charles','varius@pedeCras.com','Mold','Ap #324-4523 Convallis St.','10605'),('Germane','Vincent','Suspendisse.eleifend@mollis.ca','Denbigh','Ap #739-5006 Scelerisque Av.','95688-86403');
INSERT INTO USERS (first_name,last_name,email,city,street,zip_code) VALUES ('Zoe','Dotson','risus.In.mi@erat.ca','Rutland','Ap #952-6685 Ridiculus Road','1309'),('Orlando','Luna','ac.orci@in.org','Fortune','P.O. Box 903, 6240 Molestie. Rd.','71603'),('Bernard','Clemons','odio@enim.co.uk','Amsterdam','P.O. Box 943, 2898 Luctus Road','39228'),('Dale','Lancaster','orci@auguemalesuada.co.uk','Kozan','8916 Pellentesque St.','35805'),('Lisandra','Bridges','justo@Praesentluctus.edu','Winterswijk','Ap #389-9701 Tortor Rd.','868227'),('Buffy','Armstrong','dapibus@mollis.org','Gillette','P.O. Box 798, 6493 Id, Street','86397'),('Nicholas','Weber','quis@ultricesposuerecubilia.edu','Rewa','469-1201 Cras Av.','232614'),('Winifred','Johnson','tempus@massa.edu','Trani','P.O. Box 914, 1416 Vitae St.','286952'),('Clinton','Nelson','ante.ipsum.primis@quis.org','Tofield','854 Tristique Road','40811'),('Travis','Vinson','pretium.aliquet@liberoest.net','Romford','1061 Elementum St.','3384');
INSERT INTO USERS (first_name,last_name,email,city,street,zip_code) VALUES ('Maite','Faulkner','rutrum@etcommodoat.net','Macclesfield','628-250 Scelerisque St.','17921'),('Mari','Graham','libero@Aliquamtinciduntnunc.org','Santarcangelo di Romagna','Ap #661-2486 Netus Rd.','21786'),('Hedwig','Parsons','tortor.at@vitae.com','Llanelli','831-8556 Pharetra, Avenue','16311'),('Preston','Crawford','augue.id@Morbimetus.edu','Essen','Ap #978-2925 Nisl St.','357259'),('Sawyer','Stokes','eget@augueeutempor.ca','Werder','P.O. Box 203, 6682 Et Rd.','14930'),('Minerva','Curtis','est.ac@volutpatNulladignissim.ca','Manfredonia','Ap #986-2663 Libero. Street','48310'),('Kareem','Burns','vitae@Maecenasmi.com','Wortel','3704 Non Ave','28871'),('Zachery','Ramsey','mauris.a@nuncsedlibero.ca','Steenhuffel','Ap #264-2315 Sapien. Rd.','89-582'),('Channing','Mcgowan','amet.consectetuer.adipiscing@sit.ca','Aberystwyth','3610 Quis Street','1488'),('Jada','Nolan','rhoncus.Proin@sedorci.org','Colico','471-6096 Nam Street','126684');
INSERT INTO USERS (first_name,last_name,email,city,street,zip_code) VALUES ('Germaine','Osborn','sapien@interdumNuncsollicitudin.org','Kerikeri','Ap #496-6326 Semper St.','94384'),('Hadley','Waters','nunc@sollicitudincommodoipsum.ca','San Giovanni Lipioni','Ap #899-339 Euismod Rd.','39612'),('Ian','Lynn','turpis.non.enim@Suspendissedui.org','Santa María','1263 Justo Rd.','47963'),('Adara','Harmon','cursus.vestibulum@Loremipsumdolor.edu','Ravels','P.O. Box 337, 3072 Eget Road','11507-26596'),('Drew','Mayer','Sed.neque@ullamcorper.com','Viggianello','962-1357 Risus. Street','M9Y 6Z2'),('Lyle','Stafford','Duis.elementum@nislsem.co.uk','Lübeck','Ap #230-7777 Augue. Road','814819'),('Chelsea','Dejesus','suscipit@auctorodioa.com','Lo Espejo','P.O. Box 370, 6029 Aliquam Avenue','55920'),('Cody','Dodson','lectus.pede.ultrices@inceptoshymenaeosMauris.edu','Dorval','Ap #427-109 Lectus, Rd.','180384'),('Lavinia','Cooper','ante@viverraMaecenasiaculis.org','Torres del Paine','P.O. Box 493, 7420 Nunc Rd.','Z9112'),('Michael','Zimmerman','accumsan@convallisin.net','Cagliari','P.O. Box 501, 4208 Enim Av.','5217');
INSERT INTO USERS (first_name,last_name,email,city,street,zip_code) VALUES ('Xantha','Robles','gravida.Praesent@acurna.org','Rotheux-RimiŽre','P.O. Box 648, 6708 Dolor. St.','917346'),('Ray','Roth','id@egestasrhoncus.net','Sim','728-6350 Ac Rd.','D9 7FL'),('Jason','Carrillo','ac@risusDonec.co.uk','Wardha','Ap #963-6360 Vel, Rd.','76765'),('Brenna','Higgins','nec.eleifend@eudoloregestas.org','Nagarcoil','265-3665 Fringilla St.','62120-73682'),('Ursa','Patrick','lorem.semper.auctor@PhasellusnullaInteger.net','Siheung','P.O. Box 896, 9957 Parturient Ave','45449'),('Wynter','Rollins','ac@nunc.co.uk','Santa Rita','P.O. Box 729, 8287 Sed St.','405582'),('Shelby','Stevenson','purus.accumsan@semper.org','Collinas','3829 Eget Street','79493'),('Halee','Irwin','ante@arcuimperdietullamcorper.co.uk','Mogi das Cruzes','3267 Lacinia St.','97483'),('Amal','Smith','Curabitur.egestas@felis.net','Cimolais','9774 Litora St.','QY2L 3NC'),('Olivia','Rice','elit.pellentesque@dolor.org','Kohat','P.O. Box 907, 9870 Cras Ave','288710');
INSERT INTO USERS (first_name,last_name,email,city,street,zip_code) VALUES ('Rosalyn','Vang','Nullam.scelerisque@eu.org','Moen','167-9240 Consectetuer Street','8624'),('Cameron','Cleveland','ipsum.primis.in@etmagnisdis.org','Kerkrade','730-5762 Ornare Road','231939'),('Emerald','Rich','Praesent.eu@mifringillami.com','El Retorno','131-7177 Malesuada Street','24038'),('Arthur','Mcknight','magna.a.neque@est.org','Plancenoit','P.O. Box 908, 9435 Scelerisque, St.','990238'),('Xavier','Caldwell','netus.et.malesuada@est.org','Habay-la-Vieille','P.O. Box 480, 457 Et Road','7660'),('Timon','Dickerson','at.pede.Cras@molestiein.edu','San Antonio','650-4715 Mus. St.','1494'),('Walker','Koch','eleifend@a.co.uk','Helchteren','Ap #299-9555 Faucibus Av.','R84 4WV'),('Adam','Pratt','mollis.non.cursus@eleifendnon.ca','Westende','363-8741 Nascetur Street','524134'),('Frances','Shields','Nulla.aliquet.Proin@ipsum.org','Sacramento','407-4447 Luctus. Street','3348'),('Finn','Lester','id@duiFuscealiquam.org','Marchihue','713-7237 Vel, Avenue','5195');
*/

INSERT INTO PRODUCTS (product_id,product_name,price,stock) VALUES (100,'ac','$58.22',10),(101,'ante','$85.43',6),(102,'ut,','$66.66',9),(103,'ullamcorper','$93.72',3),(104,'turpis','$20.64',4),(105,'et,','$8.03',38),(106,'Nunc','$92.56',2),(107,'sed,','$98.83',22),(108,'sit','$3.18',30),(109,'semper','$28.70',40);
INSERT INTO PRODUCTS (product_id,product_name,price,stock) VALUES (110,'natoque','$69.76',36),(111,'vitae','$39.13',39),(112,'id,','$44.52',36),(113,'cursus','$89.95',28),(114,'mattis','$63.38',1),(115,'Morbi','$54.85',42),(116,'sit','$86.70',27),(117,'aliquet,','$83.81',5),(118,'dolor','$62.75',25),(119,'Nunc','$52.31',16);
/*
INSERT INTO PRODUCTS (product_id,product_name,price,stock) VALUES (130,'enim','$36.06',49),(131,'Nulla','$15.29',18),(132,'sodales','$33.85',49),(133,'dignissim','$57.80',45),(134,'non,','$85.84',36),(135,'sem,','$90.11',47),(136,'euismod','$66.77',10),(137,'nec,','$89.40',33),(138,'Suspendisse','$81.32',29),(139,'nonummy','$89.93',50);
INSERT INTO PRODUCTS (product_id,product_name,price,stock) VALUES (140,'Donec','$75.67',19),(141,'Sed','$70.13',42),(142,'amet,','$53.05',23),(143,'rutrum.','$93.92',21),(144,'at,','$72.41',23),(145,'dignissim','$15.19',37),(146,'massa.','$96.77',3),(147,'eu','$70.20',7),(148,'cursus','$3.18',28),(149,'eleifend','$54.38',7);
INSERT INTO PRODUCTS (product_id,product_name,price,stock) VALUES (150,'ut,','$9.59',14),(151,'id','$57.85',45),(152,'dictum','$56.47',20),(153,'hendrerit','$72.34',11),(154,'pede','$12.85',21),(155,'nisl.','$19.94',41),(156,'nunc.','$68.75',28),(157,'sem','$24.50',17),(158,'malesuada','$25.13',50),(159,'tincidunt','$97.56',14);
INSERT INTO PRODUCTS (product_id,product_name,price,stock) VALUES (160,'eu','$90.49',16),(161,'dignissim','$59.10',25),(162,'cubilia','$57.60',3),(163,'vel,','$56.16',42),(164,'massa.','$88.25',1),(165,'nec','$11.99',48),(166,'ac','$60.11',13),(167,'parturient','$14.02',28),(168,'et','$30.54',12),(169,'feugiat','$25.77',49);
INSERT INTO PRODUCTS (product_id,product_name,price,stock) VALUES (170,'nulla','$26.64',13),(171,'ligula.','$51.34',28),(172,'vehicula','$92.49',14),(173,'ligula','$99.73',31),(174,'Phasellus','$17.59',12),(175,'amet','$0.73',28),(176,'egestas.','$42.64',3),(177,'hendrerit','$93.83',46),(178,'urna.','$86.22',14),(179,'venenatis','$56.30',6);
INSERT INTO PRODUCTS (product_id,product_name,price,stock) VALUES (180,'non','$2.67',9),(181,'Phasellus','$87.06',40),(182,'magna','$7.00',33),(183,'felis','$51.06',12),(184,'sem','$9.50',43),(185,'Cras','$31.79',16),(186,'consequat','$98.86',33),(187,'at,','$41.49',9),(188,'nibh.','$49.81',50),(189,'dui,','$57.40',35);
INSERT INTO PRODUCTS (product_id,product_name,price,stock) VALUES (190,'non,','$74.15',29),(191,'eget','$20.60',4),(192,'tincidunt','$33.61',22),(193,'sapien','$42.43',14),(194,'sapien.','$92.19',22),(195,'penatibus','$57.40',42),(196,'ante','$57.00',34),(197,'blandit','$31.54',22),(198,'lorem,','$33.41',17),(199,'tristique','$52.55',37);
*/

/*INSERT INTO ORDERS (order_id,user_id,product_id,quantity) VALUES (506,7,113,6),(524,8,102,7),(507,7,117,5),(547,10,115,3),(533,8,100,6),(543,7,112,7),(543,8,105,8),(520,5,102,9),(502,9,101,8),(528,9,112,9);
/*
INSERT INTO ORDERS (order_id,user_id,product_id,quantity) VALUES (525,8,119,9),(500,8,113,6),(529,5,116,8),(532,4,117,7),(517,7,110,9),(516,7,104,3),(510,10,114,1),(517,3,112,5),(541,9,112,1),(501,2,118,8);
INSERT INTO ORDERS (order_id,user_id,product_id,quantity) VALUES (502,2,111,8),(524,6,110,5),(541,7,101,10),(513,2,118,5),(543,6,107,10),(527,1,112,7),(536,1,106,8),(517,4,103,5),(530,9,119,10),(545,10,120,2);
INSERT INTO ORDERS (order_id,user_id,product_id,quantity) VALUES (514,6,102,3),(508,2,111,2),(537,4,114,7),(526,4,101,7),(518,10,115,1),(527,4,113,4),(550,9,118,9),(515,5,119,9),(514,1,103,3),(520,5,119,3);
INSERT INTO ORDERS (order_id,user_id,product_id,quantity) VALUES (501,4,104,8),(548,2,115,7),(525,1,112,1),(516,4,111,7),(513,2,111,9),(506,3,119,6),(531,8,120,2),(542,4,118,1),(510,9,101,7),(513,7,120,7);
INSERT INTO ORDERS (order_id,user_id,product_id,quantity) VALUES (518,5,113,7),(513,9,114,7),(527,6,102,1),(503,5,102,7),(543,3,106,1),(545,1,112,8),(549,3,115,8),(525,10,116,7),(529,7,101,5),(546,1,119,10);
INSERT INTO ORDERS (order_id,user_id,product_id,quantity) VALUES (528,10,106,9),(529,9,114,9),(507,10,120,4),(535,2,115,6),(502,8,113,8),(528,7,116,4),(523,6,105,9),(529,9,103,7),(534,2,119,5),(501,3,107,10);
INSERT INTO ORDERS (order_id,user_id,product_id,quantity) VALUES (521,10,109,4),(525,4,114,6),(540,2,102,2),(549,8,105,1),(542,9,109,4),(501,4,113,8),(531,4,116,2),(541,9,102,3),(500,10,114,4),(501,4,107,1);
INSERT INTO ORDERS (order_id,user_id,product_id,quantity) VALUES (537,4,119,9),(531,3,102,1),(542,6,114,9),(515,3,112,9),(520,4,120,5),(517,9,106,7),(521,3,104,9),(540,2,104,10),(536,2,100,2),(501,3,113,6);
INSERT INTO ORDERS (order_id,user_id,product_id,quantity) VALUES (546,1,103,7),(548,9,117,8),(539,1,105,6),(536,5,106,2),(546,10,107,3),(546,2,115,2),(523,8,118,4),(527,1,118,5),(545,3,112,3),(524,10,119,9);
*/
